Workbook

Sheet Summary
A1: AgriERP FSCM — Dummy Resource (v2.0)
A2: Test Case Suite
A3: Source: AgriERP_FSCM_-_Dummy_Resources_v2.pdf (Version 2.0, Sep 16, 2026)
A5: Module (Tab) | B5: Total Test Cases | C5: High Priority | D5: Negative Cases | E5: Covers
A6: Web - Resource Selection | B6: =COUNTA('Web - Resource Selection'!A2:A13) -> 12 | C6: =COUNTIF('Web - Resource Selection'!G2:G13,"High") -> 4 | D6: =COUNTIF('Web - Resource Selection'!H2:H13,"Negative") -> 2 | E6: Select Resources "+" dropdown, dummy register selection page, filters, chips
A7: Mobile - Dummy Resource | B7: =COUNTA('Mobile - Dummy Resource'!A2:A23) -> 22 | C7: =COUNTIF('Mobile - Dummy Resource'!G2:G23,"High") -> 12 | D7: =COUNTIF('Mobile - Dummy Resource'!H2:H23,"Negative") -> 1 | E7: Work Order Detail, Add/Update Dummy Resource, No Of Resources, Select Asset, Start/Resume Job, shift edit/delete
A8: Machine Binding & Window | B8: =COUNTA('Machine Binding & Window'!A2:A11) -> 10 | C8: =COUNTIF('Machine Binding & Window'!G2:G11,"High") -> 7 | D8: =COUNTIF('Machine Binding & Window'!H2:H11,"Negative") -> 3 | E8: Binding window calculation, Bound machine list, blocked selection, headcount-driven re-validation
A9: Validation Rules | B9: =COUNTA('Validation Rules'!A2:A15) -> 14 | C9: =COUNTIF('Validation Rules'!G2:G15,"High") -> 10 | D9: =COUNTIF('Validation Rules'!H2:H15,"Negative") -> 5 | E9: Mandatory fields, machine binding, headcount update, named-resource availability, dummy asset register, shift deletion, hour calculation
A10: Integrations | B10: =COUNTA(Integrations!A2:A8) -> 7 | C10: =COUNTIF(Integrations!G2:G8,"High") -> 3 | D10: =COUNTIF(Integrations!H2:H8,"Negative") -> 2 | E10: ERP project posting, Hour Log Adjustment visibility, Spent Hours adjustability
A11: Audit Trail | B11: =COUNTA('Audit Trail'!A2:A6) -> 5 | C11: =COUNTIF('Audit Trail'!G2:G6,"High") -> 0 | D11: =COUNTIF('Audit Trail'!H2:H6,"Negative") -> 0 | E11: Shift/correction logging with user, timestamp, source, device; Notifications and View All Logs
A12: TOTAL | B12: =SUM(B6:B11) -> 70 | C12: =SUM(C6:C11) -> 36 | D12: =SUM(D6:D11) -> 13
A14: Each tab uses columns: TC ID | Test Scenario | Preconditions | Test Steps | Test Data | Expected Result | Priority | Type | Spec Reference | Status. Status defaults to "Not Executed" — update per run.

Sheet Web - Resource Selection
A1: TC ID | B1: Test Scenario | C1: Preconditions | D1: Test Steps | E1: Test Data | F1: Expected Result | G1: Priority | H1: Type | I1: Spec Reference | J1: Status
A2: WEB-001 | B2: "+" icon on Select Resources opens the dropdown | C2: User logged into Farm Web App; on Create/Edit Work Order page with Select Resources section visible | D2: 1. Go to Select Resources section 2. Click the "+" icon | E2: - | F2: Dropdown opens with two options: "Add Resource" and "Add Dummy Resource", in the standard AgriERP menu style | G2: High | H2: Positive | I2: Fig 1 - Select Resources dropdown | J2: Not Executed
A3: WEB-002 | B3: Selecting "Add Dummy Resource" opens the dummy-filtered selection page | C3: Select Resources dropdown is open | D3: 1. Click "Add Dummy Resource" | E3: Dummy register contains: Advanced Operator (DM004), Irrigator (DM002), Irrigator 02 (DM003), Standard Operator (DM001) | F3: "Add Dummy Resource" page opens; page title states the mode it was opened in; list is filtered to the dummy register only | G3: High | H3: Positive | I3: Fig 2 - Add Dummy Resource selection page | J3: Not Executed
A4: WEB-003 | B4: Dummy Resource Yes/No toggle is removed from the selection page | C4: Add Dummy Resource (or Add Resource) selection page is open | D4: 1. Inspect the selection page for a Yes/No / register toggle | E4: - | F4: No Dummy Resource Yes/No toggle is present; a selection cannot be switched between registers halfway through | G4: Medium | H4: Negative | I4: Fig 2 caption; Solution Overview | J4: Not Executed
A5: WEB-004 | B5: Resource Group filter narrows the dummy list | C5: Add Dummy Resource page open with Resource Group defaulted to "All" | D5: 1. Open Resource Group dropdown 2. Select a specific group 3. Click Apply | E5: Resource Group = a valid group value | F5: List refreshes to show only resources belonging to the selected group | G5: Medium | H5: Positive | I5: Fig 2 - Resource Group filter | J5: Not Executed
A6: WEB-005 | B6: Search by Resource Name filter works on the dummy list | C6: Add Dummy Resource page open | D6: 1. Type a resource name into "Search by Resource Name" 2. Click Apply | E6: Search text = "Irrigator" | F6: List filters to resource(s) whose name matches "Irrigator" (e.g. Irrigator, Irrigator 02) | G6: Medium | H6: Positive | I6: Fig 2 - Search by Resource Name | J6: Not Executed
A7: WEB-006 | B7: Search by Company Name filter works on the dummy list | C7: Add Dummy Resource page open | D7: 1. Type a company name into "Search by Company Name" 2. Click Apply | E7: Search text = a known company name | F7: List filters to resource(s) tied to the matching company | G7: Low | H7: Positive | I7: Fig 2 - Search by Company Name | J7: Not Executed
A8: WEB-007 | B8: Reset clears all applied filters | C8: One or more filters applied on Add Dummy Resource page | D8: 1. Apply Resource Group / Name / Company filters 2. Click Reset | E8: - | F8: All filters clear and the full dummy resource list is restored | G8: Low | H8: Positive | I8: Fig 2 - Reset / Apply buttons | J8: Not Executed
A9: WEB-008 | B9: Resources already on the work order show the yellow "Dummy Resource" chip | C9: At least one dummy resource already added to the work order | D9: 1. Open Select Resources grid | E9: Resource Name column | F9: Each dummy resource row displays a yellow "DUMMY RESOURCE" chip next to its name | G9: Medium | H9: Positive | I9: Fig 1 - Dummy Resource chip | J9: Not Executed
A10: WEB-009 | B10: "Add Resource" opens the named/actual resource register, not the dummy one | C10: Select Resources dropdown is open | D10: 1. Click "+" 2. Click "Add Resource" | E10: - | F10: Selection page opens filtered to named/actual resources; no DUMMY chip shown on any row | G10: High | H10: Positive | I10: Fig 1 - Add Resource option | J10: Not Executed
A11: WEB-010 | B11: Register cannot be changed mid-selection (dummy vs. named) | C11: A selection page (Add Resource or Add Dummy Resource) is open with the toggle removed | D11: 1. Attempt to switch the open selection page from dummy to named register (or vice versa) without closing it | E11: - | F11: No in-page control exists to switch register; user must cancel and reopen via the correct "+" dropdown option | G11: Medium | H11: Negative | I11: Solution Overview - toggle removed | J11: Not Executed
A12: WEB-011 | B12: Multiple dummy resources can be selected and saved in one pass | C12: Add Dummy Resource page open | D12: 1. Tick checkboxes for two or more dummy resources (e.g. Advanced Operator, Irrigator) 2. Click Save | E12: Advanced Operator (DM004), Irrigator (DM002) | F12: Both selected dummy resources are added to the work order's Select Resources grid, each with the yellow chip | G12: High | H12: Positive | I12: Fig 1 / Fig 2 | J12: Not Executed
A13: WEB-012 | B13: Dummy resources are maintained as flagged master data in Resource Management | C13: User has access to Resource Management on the Web App | D13: 1. Open Resource Management 2. Locate a resource flagged as dummy | E13: - | F13: Resource is stored as master data and flagged as a dummy record; it is selectable onto work orders exactly like a named resource | G13: Medium | H13: Positive | I13: Dummy Resource Management section | J13: Not Executed

Sheet Mobile - Dummy Resource
A1: TC ID | B1: Test Scenario | C1: Preconditions | D1: Test Steps | E1: Test Data | F1: Expected Result | G1: Priority | H1: Type | I1: Spec Reference | J1: Status
A2: MOB-001 | B2: Work Order Detail screen renders one card per plot with swipe hint | C2: Supervisor logged into Farm Mobile App with an assigned work order containing plots | D2: 1. Open the assigned work order | E2: WO-1198, 5 plots, 883.0 ac total | F2: Each plot card shows Field, Area, and Status; hint text reads "Swipe a plot left for job actions, right to add or update dummy resources." | G2: Medium | H2: Positive | I2: Fig 3 - Work Order Detail | J2: Not Executed
A3: MOB-002 | B3: Swipe left on a plot card reveals job actions | C3: Work Order Detail screen open | D3: 1. Swipe a plot card left | E3: - | F3: Job action menu appears with Start Job, Edit, Resume, and Pause | G3: High | H3: Positive | I3: AgriERP Mob section | J3: Not Executed
A4: MOB-003 | B4: Swipe right on a plot card reveals dummy-resource actions | C4: Work Order Detail screen open, any plot regardless of shift status | D4: 1. Swipe a plot card right | E4: - | F4: "Add / Update Dummy Resource" and "Add Resources" options appear and are available whether or not a shift has run | G4: High | H4: Positive | I4: Fig 4 - Swipe right | J4: Not Executed
A5: MOB-004 | B5: Empty state is shown when a plot has no dummy resource logs | C5: Plot with zero shifts logged | D5: 1. Swipe plot right 2. Tap "Add / Update Dummy Resource" | E5: - | F5: Screen shows "Total Hours Logged: 0h", "Resource 0h + Machine / Implement 0h", and "No dummy resource logs on this plot yet — tap + to add one." | G5: Medium | H5: Positive | I5: Fig 5 - Empty state | J5: Not Executed
A6: MOB-005 | B6: "+" on Dummy Resources opens the operation's dummy resource list | C6: Dummy Resources screen open for a plot | D6: 1. Tap "+" | E6: Advanced Operator Group (000874), Standard Operator (00001487) | F6: "Add Dummy Resource" list opens, fetched from the Operation, tagged DUMMY; named app users are not shown in this list | G6: High | H6: Positive | I6: Fig 7 - Add Dummy Resource | J6: Not Executed
A7: MOB-006 | B7: Multiple dummy resources can be multi-selected in one pass | C7: Add Dummy Resource list open | D7: 1. Tap two or more resource rows | E7: Advanced Operator Group, Standard Operator | F7: Each tapped row shows a checkmark; "Done" becomes active once at least one row is ticked (stays inactive with none ticked) | G7: High | H7: Positive | I7: Fig 8 - Multi-select | J7: Not Executed
A8: MOB-007 | B8: No Of Resources screen presents one mandatory field per selected resource | C8: Resources selected on Add Dummy Resource and Done tapped | D8: 1. Tap Done on Add Dummy Resource | E8: Advanced Operator Group, Standard Operator | F8: "No Of Resources" screen shows one "Enter Number Of Resources" field per selected resource, with the hint "Enter how many resources each dummy resource stands in for." | G8: High | H8: Positive | I8: Fig 9 - No Of Resources | J8: Not Executed
A9: MOB-008 | B9: No. of Resources is mandatory and must be greater than zero | C9: No Of Resources screen open | D9: 1. Leave a resource's field blank (or enter 0) 2. Attempt to proceed / Start Job | E9: No. of Resources = blank or 0 | F9: System blocks save / Start Job until No. of Resources is filled and greater than zero | G9: High | H9: Negative | I9: Validation Rules - Mandatory Fields | J9: Not Executed
A10: MOB-009 | B10: Select Asset shows one row per selected resource | C10: No Of Resources confirmed | D10: 1. Proceed to Select Asset | E10: Advanced Operator Group (000874), Standard Operator (00001487) | F10: One row per resource is listed, each tagged DUMMY, each opening to attach a machine or implement to that resource | G10: Medium | H10: Positive | I10: Fig 10 - Select Asset | J10: Not Executed
A11: MOB-010 | B11: Add Machine / Add Dummy Machine sheet appears when the register holds dummy assets of that kind | C11: A resource row is opened from Select Asset; asset register holds at least one dummy machine | D11: 1. Tap a resource row 2. Tap "+" on Select Machine | E11: - | F11: Bottom sheet "Choose an option" appears with "Add Machine" (machines/equipment on the asset register) and "Add Dummy Machine" (placeholder machine with a quantity) | G11: Medium | H11: Positive | I11: Fig 11 - Add Machine / Add Dummy Machine | J11: Not Executed
A12: MOB-011 | B12: Selection page opens directly when the register holds no dummy assets of that kind | C12: Asset type (e.g. implement) register holds zero dummy assets | D12: 1. Tap a resource row 2. Tap "+" on Select Implement | E12: Implements register (no dummy implements today) | F12: The selection page opens directly with no intermediate "Choose an option" sheet | G12: Medium | H12: Positive | I12: Fig 11 caption; Dummy Asset Register Validation | J12: Not Executed
... A23: MOB-022 | B23: Pause / Stop stops the running job on a plot | C23: Plot is "In Progress" with an active shift | D23: 1. Swipe plot left 2. Tap Pause (or Stop) | E23: - | F23: Job stops running on the plot; the logged shift(s) and their hours remain recorded against the plot | G23: Medium | H23: Positive | I23: Field Supervisor User Journey step 23 | J23: Not Executed

Sheet Machine Binding & Window
A1: TC ID | B1: Test Scenario | C1: Preconditions | D1: Test Steps | E1: Test Data | F1: Expected Result | G1: Priority | H1: Type | I1: Spec Reference | J1: Status
A2: BIND-001 | B2: Machine binding window is derived from shift start time and planned hours | C2: Dummy resource shift being started | D2: 1. Start a shift with 1 resource at Standard Hours = 2h, starting 02:00 PM | E2: Start 02:00 PM, Standard Hours 2h, No. of Resources 1 → Hours logged 1×2=2h | F2: Machine binding window is calculated as 02:00 PM – 04:00 PM (start time to start time + hours logged) | G2: High | H2: Positive | I2: Machine Binding & Shift Window table | J2: Not Executed
A3: BIND-002 | B3: A machine bound for any part of the requested window is greyed out and tagged Bound | C3: Shift being planned for a window of 02:00 PM – 06:00 PM; another machine already bound within that window | D3: 1. Open Select Machine for the new shift | E3: 1982 Jetco 7337-450 Bucket Wheel Trencher (K43) bound to Irrigator (dummy) 02:00 PM–04:00 PM; 1991 JD 3155 Tractor (T52) bound to Michael Vann 04:00 PM–05:00 PM | F3: Both machines are greyed out with a red "Bound" tag and show the resource and time window they are bound for; banner reads "This shift runs 02:00 PM – 06:00 PM. A machine already bound for any part of that window cannot be selected." | G3: High | H3: Positive | I3: Fig 15 - Bound machines | J3: Not Executed
A4: BIND-003 | B4: Selecting a Bound machine is blocked with an inline error | C4: A Bound machine is visible in the Select Machine list | D4: 1. Tap the greyed-out Bound machine row | E4: 1982 Jetco 7337-450 Bucket Wheel Trencher, bound to Irrigator 02:00 PM–04:00 PM | F4: Selection is refused; error message shown: "1982 Jetco 7337-450 Bucket Wheel Trencher is already bound to Irrigator from 02:00 PM to 04:00 PM." | G4: High | H4: Negative | I4: Fig 16 - Blocked selection | J4: Not Executed
A5: BIND-004 | B5: A machine with no conflicting window can be selected normally | C5: Machine has no binding overlapping the requested shift window | D5: 1. Open Select Machine 2. Select an unbound machine | E5: 1993-98 Cat 950F Series II Wheel Loader (K41) | F5: Machine is selectable (not greyed out), gets ticked, and is confirmed with Done | G5: Medium | H5: Positive | I5: Fig 15 - unbound rows | J5: Not Executed
A6: BIND-005 | B6: Raising No. of Resources on an existing shift extends hours and the binding window end time | C6: Shift already started with a machine bound | D6: 1. Open the shift via pencil 2. Increase No. of Resources | E6: Standard Hours 2h/resource; headcount raised from 1 to 2 | F6: Hours logged increases (e.g. 2h → 4h) and the machine binding window end time is extended accordingly | G6: High | H6: Positive | I6: Text under Fig 16 - Raising No. of Resources | J6: Not Executed
A7: BIND-006 | B7: Headcount increase re-validates the machine only over the newly claimed (extra) time | C7: Headcount increase pending save on a shift with a bound machine | D7: 1. Increase headcount so the window extends 2. Attempt to Save | E7: Original window 02:00 PM–04:00 PM extended to 02:00 PM–06:00 PM (extra = 04:00 PM–06:00 PM) | F7: System checks machine availability specifically over the extra 04:00 PM–06:00 PM window before allowing Save | G7: High | H7: Positive | I7: Headcount Update Validation | J7: Not Executed
A8: BIND-007 | B8: Headcount increase is blocked when the machine was used by an actual (named) resource during the extra time | C8: Extra time window overlaps a machine binding already used by a named resource on the same work order | D8: 1. Increase headcount so the window extends into the named resource's binding 2. Attempt to Save | E8: Extra window overlaps an actual resource's use of the same machine | F8: Update is blocked; Save stays disabled until the headcount is reduced or the machine is freed; validation message is shown | G8: High | H8: Negative | I8: Headcount Update Validation | J8: Not Executed
A9: BIND-008 | B9: Headcount increase succeeds when the machine is free during the extra time | C9: Extra time window has no conflicting binding | D9: 1. Increase headcount 2. Save | E9: Extra window is free | F9: Save succeeds; hours logged and the machine binding window are recalculated and persisted | G9: Medium | H9: Positive | I9: Headcount Update Validation | J9: Not Executed
A10: BIND-009 | B10: Both dummy and named resources may work with either an actual or a dummy machine | C10: Resource being attached to an asset | D10: 1. Attach a dummy machine to a named resource 2. Attach an actual machine to a dummy resource | E10: - | F10: Both combinations (dummy resource + actual machine; named resource + dummy machine) are permitted | G10: Medium | H10: Positive | I10: Solution Overview; Business Cases | J10: Not Executed
A11: BIND-010 | B11: An actual machine is unavailable to any other crew for the whole bound window | C11: Machine bound to a resource for a given shift window | D11: 1. Attempt to select the same machine on a different work order/shift whose window overlaps | E11: Machine bound 02:00 PM–04:00 PM | F11: The machine is shown as Bound with the resource and time it is bound for, and cannot be double-linked during that window | G11: High | H11: Negative | I11: Solution Overview; Business Cases | J11: Not Executed

Sheet Validation Rules
A1: TC ID | B1: Test Scenario | C1: Preconditions | D1: Test Steps | E1: Test Data | F1: Expected Result | G1: Priority | H1: Type | I1: Spec Reference | J1: Status
A2: VAL-001 | B2: No. of Resources is mandatory and must be greater than zero (Web & Mobile) | C2: Adding/starting a dummy resource on a work order | D2: 1. Attempt to save the work order or start a job with No. of Resources blank or 0 | E2: No. of Resources = blank / 0 | F2: System blocks the save / Start Job action until No. of Resources is filled and greater than zero; machine/implement attachment remains optional | G2: High | H2: Negative | I2: Validation Rules - Mandatory Fields Validation | J2: Not Executed
A3: VAL-002 | B3: Machine already bound for any part of a shift window cannot be selected | C3: Shift window overlaps an existing machine binding | D3: 1. Open Select Machine for the new/edited shift 2. Attempt to select the conflicting machine | E3: - | F3: The row is greyed out and cannot be selected; machine remains bound to the original resource for the whole shift window | G3: High | H3: Negative | I3: Validation Rules - Machine Binding Validation | J3: Not Executed
A4: VAL-003 | B4: Headcount increase is re-validated and blocked on conflict with an actual resource | C4: Existing shift's headcount is raised, extending the binding window | D4: 1. Raise No. of Resources on a logged shift 2. Attempt to Save | E4: Extra time overlaps an actual resource's use of the same machine | F4: System re-validates the machine only over the extra time claimed; update is blocked and a validation message is shown when conflicted | G4: High | H4: Negative | I4: Validation Rules - Headcount Update Validation | J4: Not Executed
A5: VAL-004 | B5: A named resource already on a running job cannot be selected again | C5: Named resource is currently working an active (unpaused) job | D5: 1. Attempt to select that named resource on another shift/work order | E5: Named resource actively running a job on Plot X | F5: Row shows "Already working on <plot>"; tapping the row raises an error and the selection is refused | G5: High | H5: Negative | I5: Validation Rules - Named Resource Availability Validation | J5: Not Executed
A6: VAL-005 | B6: Dummy resources are never blocked by a running job | C6: Dummy resource already has an active running shift elsewhere | D6: 1. Attempt to select the same dummy resource on another shift/work order | E6: Dummy resource with an active shift | F6: Selection succeeds; dummy resources represent a headcount, not a person, and are not restricted by a running job | G6: High | H6: Positive | I6: Validation Rules - Named Resource Availability Validation | J6: Not Executed
A7: VAL-006 | B7: Add Machine / Add Dummy Machine choice is shown only when the register holds a dummy asset of that kind | C7: Asset register for the selected type (machine/implement) holds ≥1 dummy asset | D7: 1. Open Select Asset for a resource 2. Tap "+" on the asset list | E7: Machine register contains at least one dummy machine | F7: The "Choose an option" sheet (Add Machine / Add Dummy Machine) is shown | G7: Medium | H7: Positive | I7: Validation Rules - Dummy Asset Register Validation | J7: Not Executed
A8: VAL-007 | B8: Selection page opens directly when the register holds no dummy asset of that kind | C8: Asset register for the selected type holds zero dummy assets | D8: 1. Open Select Asset for a resource 2. Tap "+" on the asset list | E8: Implement register with no dummy implements | F8: The selection page opens directly with no intermediate choice sheet | G8: Medium | H8: Positive | I8: Validation Rules - Dummy Asset Register Validation | J8: Not Executed
A9: VAL-008 | B9: Both dummy and named resources may select from either asset register | C9: Any resource being attached to an asset | D9: 1. Attach an actual-register asset and a dummy-register asset to different resources on the same shift | E9: - | F9: Both dummy and named resources can select machines/implements from either the actual or the dummy register | G9: Medium | H9: Positive | I9: Validation Rules - Dummy Asset Register Validation | J9: Not Executed
A10: VAL-009 | B10: Deleting a shift removes its hours and machine bindings from the plot total | C10: Logged shift exists on an open (not completed) work order | D10: 1. Delete the shift via the bin icon | E10: - | F10: Shift's hours and machine bindings are removed from the plot total | G10: High | H10: Positive | I10: Validation Rules - Shift Deletion Validation | J10: Not Executed
A11: VAL-010 | B11: Removing the last resource of a shift deletes the shift | C11: Shift has exactly one resource | D11: 1. Remove that resource | E11: - | F11: The shift itself is deleted since no resource remains on it | G11: Medium | H11: Positive | I11: Validation Rules - Shift Deletion Validation | J11: Not Executed
A12: VAL-011 | B12: Shift/resource deletion is blocked once the work order is completed and hours are posted | C12: Work order is Completed and hours have been posted | D12: 1. Attempt to delete a shift or a resource on a completed work order | E12: - | F12: Deletion is not allowed; the action is blocked | G12: High | H12: Negative | I12: Validation Rules - Shift Deletion Validation | J12: Not Executed
... A15: VAL-014 | B15: Plot total equals the sum of resource hours and machine/implement hours | C15: Shift with resource hours and machine hours logged | D15: 1. Inspect the plot's Total Hours Logged | E15: Resource 6h + Machine/Implement 4h | F15: Total Hours Logged on the plot = 10h (sum of resource and machine/implement hours) | G15: High | H15: Positive | I15: Validation Rules - Hour Calculation Validation; Fig 6 | J15: Not Executed

Sheet Integrations
A1: TC ID | B1: Test Scenario | C1: Preconditions | D1: Test Steps | E1: Test Data | F1: Expected Result | G1: Priority | H1: Type | I1: Spec Reference | J1: Status
A2: INT-001 | B2: Dummy resource hours post to the ERP project like a named resource's hours | C2: Work order/plot linked to an ERP project; dummy resource hours logged | D2: 1. Complete a shift with logged hours 2. Check ERP project posting | E2: - | F2: Hours logged against the dummy resource, and the machine/implement hours that follow them, post to the ERP project of the work order the same way named-resource hours do | G2: High | H2: Positive | I2: Integration with ERP | J2: Not Executed
A3: INT-002 | B3: Posting is restricted when the work order/plot has no ERP project linkage | C3: Work order or its plot is NOT associated with an ERP project | D3: 1. Attempt to post dummy resource hours | E3: - | F3: Posting is restricted until the ERP project linkage is completed | G3: High | H3: Negative | I3: Integration with ERP | J3: Not Executed
A4: INT-003 | B4: Corrections made before completion are re-posted to ERP | C4: Work order not yet completed; hours already posted once | D4: 1. Correct a shift's headcount/hours 2. Check ERP posting | E4: - | F4: The corrected hours are re-posted against the ERP project | G4: Medium | H4: Positive | I4: Integration with ERP | J4: Not Executed
A5: INT-004 | B5: Hours become read-only after work order completion | C5: Work order is completed and hours posted | D5: 1. Attempt to edit or delete a dummy resource shift/hours | E5: - | F5: Hours are read-only; no further edits or deletions are possible | G5: High | H5: Negative | I5: Integration with ERP | J5: Not Executed
A6: INT-005 | B6: System-generated dummy resource logs appear on Hour Log Adjustment with headcount and standard hours | C6: Dummy resource hours logged on a work order | D6: 1. Open the Hour Log Adjustment screen | E6: - | F6: Dummy resource logs are visible with their headcount and standard hours | G6: Medium | H6: Positive | I6: Integration with Hour Log Adjustment | J6: Not Executed
A7: INT-006 | B7: Dummy resource hours are visible with source, device, and user on Web resource list, Spent Hours, and WO logs | C7: Dummy resource hours logged from Web or Mobile | D7: 1. Open the work order resource list 2. Open Spent Hours 3. Open work order logs | E7: - | F7: Hours are visible in all three places, each showing the source (Web or Mobile), the device, and the user who logged them | G7: Medium | H7: Positive | I7: Dummy Resource Management | J7: Not Executed
A8: INT-007 | B8: Dummy resource hours remain adjustable from Spent Hours until the work order is completed | C8: Work order not yet completed | D8: 1. Open Spent Hours 2. Adjust a dummy resource's hours | E8: - | F8: Adjustment is permitted while the work order remains open (not yet completed) | G8: Medium | H8: Positive | I8: Solution Overview | J8: Not Executed

Sheet Audit Trail
A1: TC ID | B1: Test Scenario | C1: Preconditions | D1: Test Steps | E1: Test Data | F1: Expected Result | G1: Priority | H1: Type | I1: Spec Reference | J1: Status
A2: AUD-001 | B2: Shift creation is logged with user, timestamp, source, and device | C2: A new shift is started (Start Job) | D2: 1. Start a job creating a shift 2. Open the audit / notifications log | E2: - | F2: A log entry records the user, timestamp, source (Web or Mobile), and device for the shift creation | G2: Medium | H2: Positive | I2: Dummy Resource Audit Trail Logs | J2: Not Executed
A3: AUD-002 | B3: Shift corrections are logged with user, timestamp, source, and device | C3: An existing shift's headcount is changed, a resource removed, or the shift deleted | D3: 1. Correct or delete a shift 2. Open the audit / notifications log | E3: - | F3: A log entry records the correction with the user, timestamp, source, and device | G3: Medium | H3: Positive | I3: Dummy Resource Audit Trail Logs | J3: Not Executed
A4: AUD-003 | B4: Audit entries are viewable inside Notifications | C4: At least one shift or correction has been logged | D4: 1. Open Notifications | E4: - | F4: The relevant shift/correction entries appear in Notifications | G4: Low | H4: Positive | I4: Dummy Resource Audit Trail Logs | J4: Not Executed
A5: AUD-004 | B5: Audit entries are viewable inside "View All Logs" | C5: At least one shift or correction has been logged | D5: 1. Open "View all logs" screen | E5: - | F5: The relevant shift/correction entries appear in the full logs view | G5: Low | H5: Positive | I5: Dummy Resource Audit Trail Logs | J5: Not Executed
A6: AUD-005 | B6: Updated By and Updated Date/Time populate correctly after an edit | C6: A shift or headcount has just been edited | D6: 1. Edit a shift 2. Inspect Updated By / Updated Date/Time fields | E6: - | F6: Updated By shows the editing user; Updated Date/Time shows the date and time of the change, per the Data Dictionary | G6: Low | H6: Positive | I6: Data Dictionary - Updated By / Updated Date-Time | J6: Not Executed
