Workbook

Sheet Summary
A1: Hour Log Adjustment – Manual Test Execution Summary (Web cases only)
A2: Source: AgriERP FSCM – Hour Log Adjustment, Product Specifications Document v1.0 (Folio3, Aug 17, 2026) · Filtered to Platform = Web (95 of 246 cases); Mobile, Integration and ERP cases removed. Column Q maps each case to the Playwright plan (playwright/test-plans/authenticated/hour-log-adjustment.md).
A4: Module Code | B4: Module | C4: Total | D4: P1 | E4: Pass | F4: Fail | G4: Blocked | H4: N/A | I4: Not Executed | J4: Executed % | K4: Pass %
A5: FS | B5: Feature-Based Access | C5: =COUNTIF('Test Cases'!$B$2:$B$96,B5) | D5: =COUNTIFS('Test Cases'!$B$2:$B$96,B5,'Test Cases'!$H$2:$H$96,"P1") | E5: =COUNTIFS('Test Cases'!$B$2:$B$96,$B5,'Test Cases'!$M$2:$M$96,"Pass") | F5: =COUNTIFS('Test Cases'!$B$2:$B$96,$B5,'Test Cases'!$M$2:$M$96,"Fail") | G5: =COUNTIFS('Test Cases'!$B$2:$B$96,$B5,'Test Cases'!$M$2:$M$96,"Blocked") | H5: =COUNTIFS('Test Cases'!$B$2:$B$96,$B5,'Test Cases'!$M$2:$M$96,"N/A") | I5: =COUNTIFS('Test Cases'!$B$2:$B$96,$B5,'Test Cases'!$M$2:$M$96,"Not Executed") | J5: =IF(C5=0,0,(C5-I5)/C5) | K5: =IF((C5-I5-H5)=0,0,E5/(C5-I5-H5))
A6: RL | B6: Roles, Permissions & Tab Visibility | C6: =COUNTIF('Test Cases'!$B$2:$B$96,B6) | D6: =COUNTIFS('Test Cases'!$B$2:$B$96,B6,'Test Cases'!$H$2:$H$96,"P1") | E6: =COUNTIFS('Test Cases'!$B$2:$B$96,$B6,'Test Cases'!$M$2:$M$96,"Pass") | F6: =COUNTIFS('Test Cases'!$B$2:$B$96,$B6,'Test Cases'!$M$2:$M$96,"Fail") | G6: =COUNTIFS('Test Cases'!$B$2:$B$96,$B6,'Test Cases'!$M$2:$M$96,"Blocked") | H6: =COUNTIFS('Test Cases'!$B$2:$B$96,$B6,'Test Cases'!$M$2:$M$96,"N/A") | I6: =COUNTIFS('Test Cases'!$B$2:$B$96,$B6,'Test Cases'!$M$2:$M$96,"Not Executed") | J6: =IF(C6=0,0,(C6-I6)/C6) | K6: =IF((C6-I6-H6)=0,0,E6/(C6-I6-H6))
A7: VL | B7: Validations – Mobile Form | C7: =COUNTIF('Test Cases'!$B$2:$B$96,B7) | D7: =COUNTIFS('Test Cases'!$B$2:$B$96,B7,'Test Cases'!$H$2:$H$96,"P1") | E7: =COUNTIFS('Test Cases'!$B$2:$B$96,$B7,'Test Cases'!$M$2:$M$96,"Pass") | F7: =COUNTIFS('Test Cases'!$B$2:$B$96,$B7,'Test Cases'!$M$2:$M$96,"Fail") | G7: =COUNTIFS('Test Cases'!$B$2:$B$96,$B7,'Test Cases'!$M$2:$M$96,"Blocked") | H7: =COUNTIFS('Test Cases'!$B$2:$B$96,$B7,'Test Cases'!$M$2:$M$96,"N/A") | I7: =COUNTIFS('Test Cases'!$B$2:$B$96,$B7,'Test Cases'!$M$2:$M$96,"Not Executed") | J7: =IF(C7=0,0,(C7-I7)/C7) | K7: =IF((C7-I7-H7)=0,0,E7/(C7-I7-H7))
A8: WS | B8: Work Order Status Rules | C8: =COUNTIF('Test Cases'!$B$2:$B$96,B8) | D8: =COUNTIFS('Test Cases'!$B$2:$B$96,B8,'Test Cases'!$H$2:$H$96,"P1") | E8: =COUNTIFS('Test Cases'!$B$2:$B$96,$B8,'Test Cases'!$M$2:$M$96,"Pass") | F8: =COUNTIFS('Test Cases'!$B$2:$B$96,$B8,'Test Cases'!$M$2:$M$96,"Fail") | G8: =COUNTIFS('Test Cases'!$B$2:$B$96,$B8,'Test Cases'!$M$2:$M$96,"Blocked") | H8: =COUNTIFS('Test Cases'!$B$2:$B$96,$B8,'Test Cases'!$M$2:$M$96,"N/A") | I8: =COUNTIFS('Test Cases'!$B$2:$B$96,$B8,'Test Cases'!$M$2:$M$96,"Not Executed") | J8: =IF(C8=0,0,(C8-I8)/C8) | K8: =IF((C8-I8-H8)=0,0,E8/(C8-I8-H8))
A9: WC | B9: Work Order Completion Validation | C9: =COUNTIF('Test Cases'!$B$2:$B$96,B9) | D9: =COUNTIFS('Test Cases'!$B$2:$B$96,B9,'Test Cases'!$H$2:$H$96,"P1") | E9: =COUNTIFS('Test Cases'!$B$2:$B$96,$B9,'Test Cases'!$M$2:$M$96,"Pass") | F9: =COUNTIFS('Test Cases'!$B$2:$B$96,$B9,'Test Cases'!$M$2:$M$96,"Fail") | G9: =COUNTIFS('Test Cases'!$B$2:$B$96,$B9,'Test Cases'!$M$2:$M$96,"Blocked") | H9: =COUNTIFS('Test Cases'!$B$2:$B$96,$B9,'Test Cases'!$M$2:$M$96,"N/A") | I9: =COUNTIFS('Test Cases'!$B$2:$B$96,$B9,'Test Cases'!$M$2:$M$96,"Not Executed") | J9: =IF(C9=0,0,(C9-I9)/C9) | K9: =IF((C9-I9-H9)=0,0,E9/(C9-I9-H9))
A10: WR | B10: Web – Resources Table | C10: =COUNTIF('Test Cases'!$B$2:$B$96,B10) | D10: =COUNTIFS('Test Cases'!$B$2:$B$96,B10,'Test Cases'!$H$2:$H$96,"P1") | E10: =COUNTIFS('Test Cases'!$B$2:$B$96,$B10,'Test Cases'!$M$2:$M$96,"Pass") | F10: =COUNTIFS('Test Cases'!$B$2:$B$96,$B10,'Test Cases'!$M$2:$M$96,"Fail") | G10: =COUNTIFS('Test Cases'!$B$2:$B$96,$B10,'Test Cases'!$M$2:$M$96,"Blocked") | H10: =COUNTIFS('Test Cases'!$B$2:$B$96,$B10,'Test Cases'!$M$2:$M$96,"N/A") | I10: =COUNTIFS('Test Cases'!$B$2:$B$96,$B10,'Test Cases'!$M$2:$M$96,"Not Executed") | J10: =IF(C10=0,0,(C10-I10)/C10) | K10: =IF((C10-I10-H10)=0,0,E10/(C10-I10-H10))
A11: WD | B11: Web – Hour Log Change Requests Drawer | C11: =COUNTIF('Test Cases'!$B$2:$B$96,B11) | D11: =COUNTIFS('Test Cases'!$B$2:$B$96,B11,'Test Cases'!$H$2:$H$96,"P1") | E11: =COUNTIFS('Test Cases'!$B$2:$B$96,$B11,'Test Cases'!$M$2:$M$96,"Pass") | F11: =COUNTIFS('Test Cases'!$B$2:$B$96,$B11,'Test Cases'!$M$2:$M$96,"Fail") | G11: =COUNTIFS('Test Cases'!$B$2:$B$96,$B11,'Test Cases'!$M$2:$M$96,"Blocked") | H11: =COUNTIFS('Test Cases'!$B$2:$B$96,$B11,'Test Cases'!$M$2:$M$96,"N/A") | I11: =COUNTIFS('Test Cases'!$B$2:$B$96,$B11,'Test Cases'!$M$2:$M$96,"Not Executed") | J11: =IF(C11=0,0,(C11-I11)/C11) | K11: =IF((C11-I11-H11)=0,0,E11/(C11-I11-H11))
A12: AP | B12: Web – Approve | C12: =COUNTIF('Test Cases'!$B$2:$B$96,B12) | D12: =COUNTIFS('Test Cases'!$B$2:$B$96,B12,'Test Cases'!$H$2:$H$96,"P1") | E12: =COUNTIFS('Test Cases'!$B$2:$B$96,$B12,'Test Cases'!$M$2:$M$96,"Pass") | F12: =COUNTIFS('Test Cases'!$B$2:$B$96,$B12,'Test Cases'!$M$2:$M$96,"Fail") | G12: =COUNTIFS('Test Cases'!$B$2:$B$96,$B12,'Test Cases'!$M$2:$M$96,"Blocked") | H12: =COUNTIFS('Test Cases'!$B$2:$B$96,$B12,'Test Cases'!$M$2:$M$96,"N/A") | I12: =COUNTIFS('Test Cases'!$B$2:$B$96,$B12,'Test Cases'!$M$2:$M$96,"Not Executed") | J12: =IF(C12=0,0,(C12-I12)/C12) | K12: =IF((C12-I12-H12)=0,0,E12/(C12-I12-H12))
A13: AD | B13: Web – Adjust | C13: =COUNTIF('Test Cases'!$B$2:$B$96,B13) | D13: =COUNTIFS('Test Cases'!$B$2:$B$96,B13,'Test Cases'!$H$2:$H$96,"P1") | E13: =COUNTIFS('Test Cases'!$B$2:$B$96,$B13,'Test Cases'!$M$2:$M$96,"Pass") | F13: =COUNTIFS('Test Cases'!$B$2:$B$96,$B13,'Test Cases'!$M$2:$M$96,"Fail") | G13: =COUNTIFS('Test Cases'!$B$2:$B$96,$B13,'Test Cases'!$M$2:$M$96,"Blocked") | H13: =COUNTIFS('Test Cases'!$B$2:$B$96,$B13,'Test Cases'!$M$2:$M$96,"N/A") | I13: =COUNTIFS('Test Cases'!$B$2:$B$96,$B13,'Test Cases'!$M$2:$M$96,"Not Executed") | J13: =IF(C13=0,0,(C13-I13)/C13) | K13: =IF((C13-I13-H13)=0,0,E13/(C13-I13-H13))
A14: RJ | B14: Web – Reject | C14: =COUNTIF('Test Cases'!$B$2:$B$96,B14) | D14: =COUNTIFS('Test Cases'!$B$2:$B$96,B14,'Test Cases'!$H$2:$H$96,"P1") | E14: =COUNTIFS('Test Cases'!$B$2:$B$96,$B14,'Test Cases'!$M$2:$M$96,"Pass") | F14: =COUNTIFS('Test Cases'!$B$2:$B$96,$B14,'Test Cases'!$M$2:$M$96,"Fail") | G14: =COUNTIFS('Test Cases'!$B$2:$B$96,$B14,'Test Cases'!$M$2:$M$96,"Blocked") | H14: =COUNTIFS('Test Cases'!$B$2:$B$96,$B14,'Test Cases'!$M$2:$M$96,"N/A") | I14: =COUNTIFS('Test Cases'!$B$2:$B$96,$B14,'Test Cases'!$M$2:$M$96,"Not Executed") | J14: =IF(C14=0,0,(C14-I14)/C14) | K14: =IF((C14-I14-H14)=0,0,E14/(C14-I14-H14))
A15: OV | B15: Overlap & Redistribution (Web Only) | C15: =COUNTIF('Test Cases'!$B$2:$B$96,B15) | D15: =COUNTIFS('Test Cases'!$B$2:$B$96,B15,'Test Cases'!$H$2:$H$96,"P1") | E15: =COUNTIFS('Test Cases'!$B$2:$B$96,$B15,'Test Cases'!$M$2:$M$96,"Pass") | F15: =COUNTIFS('Test Cases'!$B$2:$B$96,$B15,'Test Cases'!$M$2:$M$96,"Fail") | G15: =COUNTIFS('Test Cases'!$B$2:$B$96,$B15,'Test Cases'!$M$2:$M$96,"Blocked") | H15: =COUNTIFS('Test Cases'!$B$2:$B$96,$B15,'Test Cases'!$M$2:$M$96,"N/A") | I15: =COUNTIFS('Test Cases'!$B$2:$B$96,$B15,'Test Cases'!$M$2:$M$96,"Not Executed") | J15: =IF(C15=0,0,(C15-I15)/C15) | K15: =IF((C15-I15-H15)=0,0,E15/(C15-I15-H15))
A16: PR | B16: Per-Resource Application | C16: =COUNTIF('Test Cases'!$B$2:$B$96,B16) | D16: =COUNTIFS('Test Cases'!$B$2:$B$96,B16,'Test Cases'!$H$2:$H$96,"P1") | E16: =COUNTIFS('Test Cases'!$B$2:$B$96,$B16,'Test Cases'!$M$2:$M$96,"Pass") | F16: =COUNTIFS('Test Cases'!$B$2:$B$96,$B16,'Test Cases'!$M$2:$M$96,"Fail") | G16: =COUNTIFS('Test Cases'!$B$2:$B$96,$B16,'Test Cases'!$M$2:$M$96,"Blocked") | H16: =COUNTIFS('Test Cases'!$B$2:$B$96,$B16,'Test Cases'!$M$2:$M$96,"N/A") | I16: =COUNTIFS('Test Cases'!$B$2:$B$96,$B16,'Test Cases'!$M$2:$M$96,"Not Executed") | J16: =IF(C16=0,0,(C16-I16)/C16) | K16: =IF((C16-I16-H16)=0,0,E16/(C16-I16-H16))
... A20: UI | B20: UI, Compatibility & Non-Functional | C20: =COUNTIF('Test Cases'!$B$2:$B$96,B20) | D20: =COUNTIFS('Test Cases'!$B$2:$B$96,B20,'Test Cases'!$H$2:$H$96,"P1") | E20: =COUNTIFS('Test Cases'!$B$2:$B$96,$B20,'Test Cases'!$M$2:$M$96,"Pass") | F20: =COUNTIFS('Test Cases'!$B$2:$B$96,$B20,'Test Cases'!$M$2:$M$96,"Fail") | G20: =COUNTIFS('Test Cases'!$B$2:$B$96,$B20,'Test Cases'!$M$2:$M$96,"Blocked") | H20: =COUNTIFS('Test Cases'!$B$2:$B$96,$B20,'Test Cases'!$M$2:$M$96,"N/A") | I20: =COUNTIFS('Test Cases'!$B$2:$B$96,$B20,'Test Cases'!$M$2:$M$96,"Not Executed") | J20: =IF(C20=0,0,(C20-I20)/C20) | K20: =IF((C20-I20-H20)=0,0,E20/(C20-I20-H20))
B21: TOTAL | C21: =SUM(C5:C20) | D21: =SUM(D5:D20) | E21: =SUM(E5:E20) | F21: =SUM(F5:F20) | G21: =SUM(G5:G20) | H21: =SUM(H5:H20) | I21: =SUM(I5:I20) | J21: =IF(C21=0,0,(C21-I21)/C21) | K21: =IF((C21-I21-H21)=0,0,E21/(C21-I21-H21))
A23: By Priority
A24: Priority | B24: Meaning | C24: Total
A25: P1 | B25: Critical – core flow / data correctness | C25: =COUNTIF('Test Cases'!$H$2:$H$96,A25)
A26: P2 | B26: High – important behaviour | C26: =COUNTIF('Test Cases'!$H$2:$H$96,A26)
A27: P3 | B27: Medium – edge case | C27: =COUNTIF('Test Cases'!$H$2:$H$96,A27)
A28: P4 | B28: Low – cosmetic | C28: =COUNTIF('Test Cases'!$H$2:$H$96,A28)
A31: How to use
A32: • Execute cases on the 'Test Cases' tab. Fill only the yellow columns: Actual Result, Status, Executed By, Execution Date, Bug ID / Remarks.
A33: • Status dropdown: Not Executed, Pass, Fail, Blocked, N/A. This summary updates automatically.
A34: • Example of a filled row: Actual Result 'Chip shows 2 to review' · Status 'Pass' · Executed By 'QA-Ali' · Execution Date '28-Sep-2026' · Remarks '-'.
A35: • Cases whose expected result says 'confirm CL-xx' depend on an open question on the 'Clarifications' tab – resolve it before marking Pass/Fail.
A36: • Pass % excludes Not Executed and N/A cases.

Sheet Test Cases
A1: TC ID | B1: Module | C1: Test Scenario | D1: Pre-conditions | E1: Test Steps | F1: Test Data | G1: Expected Result | H1: Priority | I1: Test Type | J1: Platform | K1: Spec Reference | L1: Actual Result | M1: Status | N1: Executed By | O1: Execution Date | P1: Bug ID / Remarks | Q1: Automation (Playwright)
A2: HLA-FS-003 | B2: Feature-Based Access | C2: Feature ENABLED – Hour Log Changes column and actions on web | D2: Hour Log Adjustment feature ENABLED. Farm Manager 'David Luke' logged in on Farm Web App. WO-000005 has pending requests REQ-0007 (edit, logged 6:12 AM–11:48 AM, requested 5:45 AM–12:30 PM) and REQ-0008 (new entry, 1:05 PM–4:40 PM) raised by Carston Gunter (000182). | E2: 1. Open WO-000005 on web. 2. Observe Resources table. 3. Click the 'to review' chip. | F2: WO-000005 | G2: 'Hour Log Changes' column is shown. Drawer opens and each request shows Approve, Adjust and Reject actions. | H2: P1 | I2: Positive | J2: Web | K2: Important Point – Feature-Based Access | M2: Not Executed | Q2: Automated: HLA-B02-partial (hour-log-decisions.spec.ts)
A3: HLA-FS-005 | B3: Feature-Based Access | C3: Feature DISABLED – decision actions unavailable on web | D3: Feature disabled. Pending requests exist on WO-000005. | E3: 1. Disable the feature. 2. Log in to web as manager. 3. Open WO-000005 Resources table. | F3: WO-000005 | G3: Hour Log Changes column/chip and Approve, Adjust, Reject actions are not available. Spent Hours continue to show approved hours. | H3: P1 | I3: Negative | J3: Web | K3: Important Point – Feature-Based Access | M3: Not Executed | Q3: Manual: the Feature Set toggle is tenant-wide on shared QA.
A4: HLA-RL-008 | B4: Roles, Permissions & Tab Visibility | C4: Operator cannot decide requests | D4: Operator user logs into web (if web access exists) or has no decide permission. | E4: 1. Log in as operator on web. 2. Open WO with his pending request. | F4: - | G4: Approve, Adjust, Reject are not available to the operator. | H4: P1 | I4: Negative | J4: Web | K4: App User | M4: Pass | Q4: Automated: HLA-RL-008 (hour-log-decisions.spec.ts)
A5: HLA-RL-009 | B5: Roles, Permissions & Tab Visibility | C5: Admin can decide requests on web | D5: User with Admin role on web; request raised by another user. | E5: 1. Open WO-000005. 2. Open drawer. 3. Approve REQ-0007. | F5: REQ-0007 | G5: Admin can Approve/Adjust/Reject. Decision is saved with Decided By = Admin user. | H5: P2 | I5: Positive | J5: Web | K5: App User | M5: Pass | Q5: Partial: HLA-B04 (hour-log-decisions.spec.ts)
A6: HLA-RL-010 | B6: Roles, Permissions & Tab Visibility | C6: Self-approval restriction – user cannot Approve own request | D6: User 'X' has both raise and decide permissions and raised REQ-00xx from mobile. | E6: 1. Log in to web as user X. 2. Open the WO and drawer of his own resource. 3. Try to Approve his own request. | F6: Own request | G6: Approve is blocked (action hidden/disabled or error message). Request remains 'Needs review'. No audit entry is created. | H6: P1 | I6: Negative | J6: Web | K6: Validation Rules – Self Approval Restriction | M6: Pass | Q6: Partial: HLA-B15 (hour-log-decisions.spec.ts)
A7: HLA-RL-011 | B7: Roles, Permissions & Tab Visibility | C7: Self-approval restriction – user cannot Adjust own request | D7: User 'X' has both raise and decide permissions and raised REQ-00xx from mobile. | E7: 1. Log in to web as user X. 2. Open the WO and drawer of his own resource. 3. Try to Adjust his own request. | F7: Own request | G7: Adjust is blocked (action hidden/disabled or error message). Request remains 'Needs review'. No audit entry is created. | H7: P1 | I7: Negative | J7: Web | K7: Validation Rules – Self Approval Restriction | M7: Pass | Q7: Partial: HLA-B15 (hour-log-decisions.spec.ts)
A8: HLA-RL-012 | B8: Roles, Permissions & Tab Visibility | C8: Self-approval restriction – user cannot Reject own request | D8: User 'X' has both raise and decide permissions and raised REQ-00xx from mobile. | E8: 1. Log in to web as user X. 2. Open the WO and drawer of his own resource. 3. Try to Reject his own request. | F8: Own request | G8: Reject is blocked (action hidden/disabled or error message). Request remains 'Needs review'. No audit entry is created. | H8: P1 | I8: Negative | J8: Web | K8: Validation Rules – Self Approval Restriction | M8: Pass | Q8: Partial: HLA-B15 (hour-log-decisions.spec.ts)
A9: HLA-RL-013 | B9: Roles, Permissions & Tab Visibility | C9: Another manager can decide the request blocked for self-approval | D9: Request raised by user X (manager+operator). | E9: 1. Log in as manager David. 2. Approve X's request. | F9: - | G9: Decision succeeds; Decided By = David. | H9: P2 | I9: Positive | J9: Web | K9: Self Approval Restriction | L9: Invalid | M9: N/A | Q9: Not automated: needs a user who is both manager and operator (none on QA).
A10: HLA-VL-022 | B10: Validations – Mobile Form | C10: Overnight split via web Adjust | D10: Hour Log Adjustment feature ENABLED. Farm Manager 'David Luke' logged in on Farm Web App. WO-000005 has pending requests REQ-0007 (edit, logged 6:12 AM–11:48 AM, requested 5:45 AM–12:30 PM) and REQ-0008 (new entry, 1:05 PM–4:40 PM) raised by Carston Gunter (000182). Drawer for Carston Gunter is open. | E10: 1. Adjust REQ-0008 to 11:00 PM – 01:00 AM next day. 2. Approve. | F10: - | G10: Split into two entries at midnight. | H10: P2 | I10: Positive | J10: Web | K10: Validation Rules – Overnight Job | M10: Not Executed | Q10: Planned: overnight Adjust needs the Job End date moved to the next day.
A11: HLA-WS-006 | B11: Work Order Status Rules | C11: Pending requests remain decidable after WO moves to Review | D11: Hour Log Adjustment feature ENABLED. Farm Manager 'David Luke' logged in on Farm Web App. WO-000005 has pending requests REQ-0007 (edit, logged 6:12 AM–11:48 AM, requested 5:45 AM–12:30 PM) and REQ-0008 (new entry, 1:05 PM–4:40 PM) raised by Carston Gunter (000182). | E11: 1. Move WO to Review. 2. Open drawer; approve REQ-0007. | F11: - | G11: Manager can still decide pending requests. | H11: P2 | I11: Positive | J11: Web | K11: Mobile Adjustment Request Availability | M11: Not Executed | Q11: Automated: HLA-WS-006 (hour-log-decisions.spec.ts)
A12: HLA-WC-001 | B12: Work Order Completion Validation | C12: Completion blocked with pending requests | D12: Hour Log Adjustment feature ENABLED. Farm Manager 'David Luke' logged in on Farm Web App. WO-000005 has pending requests REQ-0007 (edit, logged 6:12 AM–11:48 AM, requested 5:45 AM–12:30 PM) and REQ-0008 (new entry, 1:05 PM–4:40 PM) raised by Carston Gunter (000182). | E12: 1. Try to complete WO-000005. | F12: 2 pending | G12: Completion blocked with message stating pending hour log adjustment requests. | H12: P1 | I12: Negative | J12: Web | K12: Work Order Completion Validation | M12: Not Executed | Q12: Automated: HLA-B16 (hour-log-decisions.spec.ts)
A13: HLA-WC-002 | B13: Work Order Completion Validation | C13: Completion blocked when any resource has pending | D13: Pending requests on 2 resources; one resource fully decided. | E13: 1. Decide one resource's requests. 2. Try to complete. | F13: - | G13: Still blocked until all resources' requests decided. | H13: P1 | I13: Negative | J13: Web | K13: Work Order Completion Validation | M13: Not Executed | Q13: Not automated: needs a second operator who can raise requests.
A14: HLA-WC-003 | B14: Work Order Completion Validation | C14: Completion allowed after all decided | D14: Hour Log Adjustment feature ENABLED. Farm Manager 'David Luke' logged in on Farm Web App. WO-000005 has pending requests REQ-0007 (edit, logged 6:12 AM–11:48 AM, requested 5:45 AM–12:30 PM) and REQ-0008 (new entry, 1:05 PM–4:40 PM) raised by Carston Gunter (000182). | E14: 1. Approve REQ-0007, reject REQ-0008. 2. Complete WO. | F14: - | G14: WO completes successfully. | H14: P1 | I14: Positive | J14: Web | K14: Work Order Completion Validation | M14: Not Executed | Q14: On hold: completing to Done posts to D365; automating it was blocked by a permission check (2026-09-29).
A15: HLA-WC-004 | B15: Work Order Completion Validation | C15: Rejecting the last pending request unblocks completion | D15: Single pending request. | E15: 1. Reject it with reason. 2. Complete WO. | F15: - | G15: Completion allowed. | H15: P2 | I15: Positive | J15: Web | K15: Work Order Completion Validation | M15: Not Executed | Q15: On hold: completing to Done posts to D365; automating it was blocked by a permission check (2026-09-29).
A16: HLA-WR-001 | B16: Web – Resources Table | C16: Hour Log Changes column displayed | D16: Hour Log Adjustment feature ENABLED. Farm Manager 'David Luke' logged in on Farm Web App. WO-000005 has pending requests REQ-0007 (edit, logged 6:12 AM–11:48 AM, requested 5:45 AM–12:30 PM) and REQ-0008 (new entry, 1:05 PM–4:40 PM) raised by Carston Gunter (000182). | E16: 1. Open WO-000005 > Resources. | F16: - | G16: Columns incl. Resource Name, Resource Type, Company, Tracking Log, Progress, Spent Hours, Hour Log Changes. | H16: P2 | I16: UI | J16: Web | K16: Mocks – Figure 6 | M16: Not Executed | Q16: Automated: HLA-B01 (hour-log-decisions.spec.ts)
A17: HLA-WR-002 | B17: Web – Resources Table | C17: 'N to review' chip count | D17: Hour Log Adjustment feature ENABLED. Farm Manager 'David Luke' logged in on Farm Web App. WO-000005 has pending requests REQ-0007 (edit, logged 6:12 AM–11:48 AM, requested 5:45 AM–12:30 PM) and REQ-0008 (new entry, 1:05 PM–4:40 PM) raised by Carston Gunter (000182). | E17: 1. Check Carston Gunter row. | F17: 2 pending | G17: Chip shows '2 to review'. | H17: P1 | I17: Positive | J17: Web | K17: Mocks – Figure 6 | M17: Not Executed | Q17: Automated: HLA-B01 (hour-log-decisions.spec.ts)
A18: HLA-WR-003 | B18: Web – Resources Table | C18: No pending requests shows dash | D18: Hour Log Adjustment feature ENABLED. Farm Manager 'David Luke' logged in on Farm Web App. WO-000005 has pending requests REQ-0007 (edit, logged 6:12 AM–11:48 AM, requested 5:45 AM–12:30 PM) and REQ-0008 (new entry, 1:05 PM–4:40 PM) raised by Carston Gunter (000182). | E18: 1. Check resource without requests. | F18: F3TestApp2 | G18: Shows '—', no chip. | H18: P2 | I18: Positive | J18: Web | K18: Mocks – Figure 6 | M18: Not Executed | Q18: Automated: HLA-B01 (hour-log-decisions.spec.ts)
A19: HLA-WR-004 | B19: Web – Resources Table | C19: Spent Hours shows only approved hours | D19: Hour Log Adjustment feature ENABLED. Farm Manager 'David Luke' logged in on Farm Web App. WO-000005 has pending requests REQ-0007 (edit, logged 6:12 AM–11:48 AM, requested 5:45 AM–12:30 PM) and REQ-0008 (new entry, 1:05 PM–4:40 PM) raised by Carston Gunter (000182). | E19: 1. Compare Spent Hours with approved entries. | F19: 5h 36m | G19: Pending requested hours not included. | H19: P1 | I19: Positive | J19: Web | K19: Mocks – Figure 6 | M19: Not Executed | Q19: Automated: HLA-B01 (hour-log-decisions.spec.ts)
A20: HLA-WR-005 | B20: Web – Resources Table | C20: Chip opens drawer for that resource | D20: Hour Log Adjustment feature ENABLED. Farm Manager 'David Luke' logged in on Farm Web App. WO-000005 has pending requests REQ-0007 (edit, logged 6:12 AM–11:48 AM, requested 5:45 AM–12:30 PM) and REQ-0008 (new entry, 1:05 PM–4:40 PM) raised by Carston Gunter (000182). | E20: 1. Click chip on Carston Gunter. | F20: - | G20: Drawer opens with only Carston Gunter's requests on this WO. | H20: P1 | I20: Positive | J20: Web | K20: Mocks – Figure 6 | M20: Not Executed | Q20: Automated: HLA-B02-partial (hour-log-decisions.spec.ts)
A21: HLA-WR-006 | B21: Web – Resources Table | C21: Chip count decrements after a decision | D21: Hour Log Adjustment feature ENABLED. Farm Manager 'David Luke' logged in on Farm Web App. WO-000005 has pending requests REQ-0007 (edit, logged 6:12 AM–11:48 AM, requested 5:45 AM–12:30 PM) and REQ-0008 (new entry, 1:05 PM–4:40 PM) raised by Carston Gunter (000182). Drawer for Carston Gunter is open. | E21: 1. Approve REQ-0007. 2. Check chip. | F21: - | G21: Chip shows '1 to review'. | H21: P1 | I21: Positive | J21: Web | K21: Mocks – Figure 6 | M21: Not Executed | Q21: Automated: HLA-B04 (hour-log-decisions.spec.ts)
... A96: HLA-UI-006 | B96: UI, Compatibility & Non-Functional | C96: Network error on web action | D96: Network drop during Approve. | E96: 1. Click Approve. | F96: - | G96: Error message; no partial update; retry possible. | H96: P2 | I96: Negative | J96: Web | K96: General | M96: Not Executed | Q96: Partial (expected failure: fails on QA today, see FINDINGS #46): HLA-UI-006 (hour-log-decisions.spec.ts)

Sheet Clarifications
A1: ID | B1: Topic | C1: Question / Gap in Spec | D1: Raised By | E1: Answer | F1: Status
A2: CL-01 | B2: Mobile entry delete action | C2: Figure 1 shows a delete icon on each entry but its behaviour is not defined anywhere. Does delete raise a delete request for approval (consistent with 'Nothing Is Applied Without Approval') or delete directly? Is a reason required? | D2: QA | F2: Open
A3: CL-02 | B3: Redistribution logic | C3: The algorithm used to redistribute hours on Continue is not defined (trim existing entry, split, prorate?). Expected results for overlap test cases depend on this. | D3: QA | F3: Open
A4: CL-03 | B4: Pending status on mobile | C4: The mobile list shows approved entries only. How does the operator see that a request is pending / decided and the manager note? | D4: QA | F4: Open
A5: CL-04 | B5: Multiple pending requests on one entry | C5: Can the operator raise a second change request for an entry that already has a pending request? Can he edit/withdraw a pending request? | D5: QA | F5: Open
A6: CL-05 | B6: Field lengths | C6: Maximum length for operator Reason, Manager Note and Rejection Reason is not defined. | D6: QA | F6: Open
A7: CL-06 | B7: Overnight split minute | C7: Split is 'up to 11:59 PM' and 'from 12:00 AM' – does the 11:59–12:00 minute get lost? Is the split done on request creation or on approval? How is an end exactly at 12:00 AM handled? | D7: QA | F7: Open
A8: CL-07 | B8: Maximum duration / multi-day | C8: Is there a maximum allowed duration per request? How is a span over multiple midnights handled? | D8: QA | F8: Open
A9: CL-08 | B9: Date range rules | C9: Are future dates/times allowed? Can hours be requested before the WO start date or outside the crop year? | D9: QA | F9: Open
A10: CL-09 | B10: Other WO statuses | C10: Only In Progress and Review are covered. Confirm behaviour for Not Started, Completed, Cancelled, On Hold. | D10: QA | F10: Open
A11: CL-10 | B11: Completion vs offline requests | C11: What happens if an offline request syncs after the WO has moved to Review/Completed? | D11: QA | F11: Open
A12: CL-11 | B12: Offline timestamps & logout | C12: Is 'Raised At' the time prepared offline or sync time? What happens on logout with unsynced requests? | D12: QA | F12: Open
A13: CL-12 | B13: Feature toggle with queued requests | C13: Behaviour when an offline request syncs after the feature is disabled. | D13: QA | F13: Open
... A27: CL-26 | B27: Mock inconsistency | C27: Figure 2 lists selected machines as Kinze 1051 (AST-0203) and Case IH 8250 (AST-0187), while Figure 3 shows John Deere 8R 410 and Kinze 1051 ticked for the same form. Mobile dropdown also described as both 'multi-select' and 'searchable'. | D27: QA | F27: Open
